ref_name,dist_name,mos
refimgs/studentsculpture.bmp,jp2k/img2.bmp,15.512954417537028
refimgs/rapids.bmp,jp2k/img3.bmp,24.09025497677203
refimgs/dancers.bmp,jp2k/img4.bmp,68.99086164929872
refimgs/churchandcapitol.bmp,jp2k/img5.bmp,74.39794796497739
refimgs/dancers.bmp,jp2k/img6.bmp,69.2292141708657
refimgs/churchandcapitol.bmp,jp2k/img7.bmp,53.57873192014601
refimgs/stream.bmp,jp2k/img8.bmp,39.37667556675135
refimgs/woman.bmp,jp2k/img10.bmp,43.42259860497224
refimgs/sailing3.bmp,jp2k/img12.bmp,34.802951811201964
refimgs/buildings.bmp,jp2k/img13.bmp,46.684096124058215
refimgs/paintedhouse.bmp,jp2k/img14.bmp,45.67949064903939
refimgs/bikes.bmp,jp2k/img15.bmp,12.692083542828541
refimgs/stream.bmp,jp2k/img17.bmp,65.23107378633902
refimgs/carnivaldolls.bmp,jp2k/img18.bmp,29.39224918059548
refimgs/sailing1.bmp,jp2k/img19.bmp,3.8890621428635583
refimgs/coinsinfountain.bmp,jp2k/img21.bmp,22.461157863083844
refimgs/woman.bmp,jp2k/img23.bmp,35.59966912005858
refimgs/manfishing.bmp,jp2k/img26.bmp,11.714566786308875
refimgs/house.bmp,jp2k/img27.bmp,48.4017211733363
refimgs/coinsinfountain.bmp,jp2k/img28.bmp,70.94908661426099
refimgs/buildings.bmp,jp2k/img29.bmp,63.644935917203554
refimgs/building2.bmp,jp2k/img30.bmp,75.20085071703139
refimgs/ocean.bmp,jp2k/img31.bmp,23.258787473568603
refimgs/rapids.bmp,jp2k/img32.bmp,76.28674666689452
refimgs/buildings.bmp,jp2k/img33.bmp,52.785636451117234
refimgs/studentsculpture.bmp,jp2k/img34.bmp,8.613511703300915
refimgs/ocean.bmp,jp2k/img37.bmp,25.854249036910815
refimgs/sailing3.bmp,jp2k/img38.bmp,65.85757417524141
refimgs/sailing4.bmp,jp2k/img39.bmp,26.960368393676966
refimgs/paintedhouse.bmp,jp2k/img40.bmp,75.7811284764878
refimgs/building2.bmp,jp2k/img41.bmp,43.696253511551454
refimgs/womanhat.bmp,jp2k/img42.bmp,54.17424655185858
refimgs/sailing1.bmp,jp2k/img43.bmp,67.6967798207526
refimgs/flowersonih35.bmp,jp2k/img44.bmp,71.61970727692339
refimgs/churchandcapitol.bmp,jp2k/img45.bmp,74.14564153374137
refimgs/cemetry.bmp,jp2k/img46.bmp,73.09174201136065
refimgs/house.bmp,jp2k/img47.bmp,48.08894690810563
refimgs/cemetry.bmp,jp2k/img48.bmp,77.32511548366256
refimgs/caps.bmp,jp2k/img49.bmp,13.501078103650578
refimgs/lighthouse.bmp,jp2k/img51.bmp,20.52307378942626
refimgs/sailing4.bmp,jp2k/img52.bmp,51.011385213379874
refimgs/plane.bmp,jp2k/img53.bmp,62.47597192836157
refimgs/sailing2.bmp,jp2k/img55.bmp,46.03974281634614
refimgs/monarch.bmp,jp2k/img56.bmp,41.28402576683269
refimgs/plane.bmp,jp2k/img58.bmp,5.651469652190897
refimgs/sailing2.bmp,jp2k/img59.bmp,10.109294080950896
refimgs/studentsculpture.bmp,jp2k/img60.bmp,63.376792364010086
refimgs/monarch.bmp,jp2k/img61.bmp,21.45709519844654
refimgs/sailing2.bmp,jp2k/img62.bmp,6.320751746555565
refimgs/manfishing.bmp,jp2k/img63.bmp,30.07521146577485
refimgs/dancers.bmp,jp2k/img65.bmp,82.98273370788652
refimgs/caps.bmp,jp2k/img68.bmp,24.82662376759264
refimgs/ocean.bmp,jp2k/img69.bmp,5.909674455410709
refimgs/stream.bmp,jp2k/img71.bmp,80.121282737048
refimgs/lighthouse2.bmp,jp2k/img74.bmp,52.08982994049394
refimgs/womanhat.bmp,jp2k/img75.bmp,11.035277608283096
refimgs/coinsinfountain.bmp,jp2k/img77.bmp,12.523344239786702
refimgs/bikes.bmp,jp2k/img78.bmp,30.57070176854073
refimgs/carnivaldolls.bmp,jp2k/img79.bmp,79.16743675958445
refimgs/house.bmp,jp2k/img80.bmp,20.56698474721343
refimgs/rapids.bmp,jp2k/img81.bmp,44.74511025359578
refimgs/paintedhouse.bmp,jp2k/img82.bmp,11.339054336612762
refimgs/caps.bmp,jp2k/img83.bmp,42.36932036075071
refimgs/parrots.bmp,jp2k/img85.bmp,18.563119639992887
refimgs/flowersonih35.bmp,jp2k/img86.bmp,76.23532996373504
refimgs/sailing1.bmp,jp2k/img88.bmp,66.04417836262544
refimgs/sailing4.bmp,jp2k/img90.bmp,11.324709943682542
refimgs/lighthouse.bmp,jp2k/img91.bmp,48.72445543811661
refimgs/statue.bmp,jp2k/img92.bmp,36.651332405233276
refimgs/manfishing.bmp,jp2k/img94.bmp,30.248805104886298
refimgs/parrots.bmp,jp2k/img96.bmp,32.25567981412338
refimgs/cemetry.bmp,jp2k/img98.bmp,42.538558970763944
refimgs/womanhat.bmp,jp2k/img99.bmp,50.18890942469288
refimgs/parrots.bmp,jp2k/img101.bmp,10.234730985641715
refimgs/statue.bmp,jp2k/img102.bmp,6.724372369964854
refimgs/lighthouse2.bmp,jp2k/img103.bmp,10.088204403320535
refimgs/woman.bmp,jp2k/img104.bmp,46.68236218261797
refimgs/monarch.bmp,jp2k/img105.bmp,7.557459980934176
refimgs/lighthouse.bmp,jp2k/img106.bmp,48.61615667390731
refimgs/building2.bmp,jp2k/img107.bmp,79.84747926885252
refimgs/carnivaldolls.bmp,jp2k/img108.bmp,43.66138899674546
refimgs/sailing3.bmp,jp2k/img109.bmp,35.73735899461327
refimgs/flowersonih35.bmp,jp2k/img111.bmp,15.82182560398103
refimgs/plane.bmp,jp2k/img113.bmp,12.564926162224069
refimgs/lighthouse2.bmp,jp2k/img114.bmp,12.80273252847908
refimgs/bikes.bmp,jp2k/img115.bmp,67.09045174168914
refimgs/statue.bmp,jp2k/img116.bmp,46.92014897186908
refimgs/ocean.bmp,jp2k/img120.bmp,40.33848092661777
refimgs/manfishing.bmp,jp2k/img121.bmp,91.37246032042904
refimgs/caps.bmp,jp2k/img122.bmp,58.55909813379443
refimgs/carnivaldolls.bmp,jp2k/img124.bmp,52.154629253222005
refimgs/cemetry.bmp,jp2k/img125.bmp,25.72392003888736
refimgs/rapids.bmp,jp2k/img126.bmp,10.712712959196345
refimgs/parrots.bmp,jp2k/img127.bmp,74.95826410045794
refimgs/bikes.bmp,jp2k/img129.bmp,15.242823326616556
refimgs/sailing3.bmp,jp2k/img130.bmp,42.497069418167996
refimgs/building2.bmp,jp2k/img132.bmp,22.538784832597898
refimgs/bikes.bmp,jp2k/img133.bmp,40.04985108989743
refimgs/rapids.bmp,jp2k/img135.bmp,84.91378457435593
refimgs/sailing1.bmp,jp2k/img136.bmp,33.81064694785772
refimgs/lighthouse2.bmp,jp2k/img137.bmp,60.61338357551887
refimgs/sailing2.bmp,jp2k/img138.bmp,56.3267477648128
refimgs/sailing2.bmp,jp2k/img141.bmp,6.153192300554039
refimgs/studentsculpture.bmp,jp2k/img142.bmp,43.99770274794575
refimgs/manfishing.bmp,jp2k/img143.bmp,44.77638094880946
refimgs/house.bmp,jp2k/img144.bmp,65.45198981342284
refimgs/rapids.bmp,jp2k/img146.bmp,56.161238884900456
refimgs/carnivaldolls.bmp,jp2k/img148.bmp,11.46973848743795
refimgs/lighthouse.bmp,jp2k/img149.bmp,33.11179598113043
refimgs/woman.bmp,jp2k/img150.bmp,5.325990809336403
refimgs/woman.bmp,jp2k/img152.bmp,62.74881178263061
refimgs/sailing3.bmp,jp2k/img154.bmp,68.53124109916048
refimgs/woman.bmp,jp2k/img155.bmp,81.40061954776587
refimgs/buildings.bmp,jp2k/img156.bmp,71.45072855297293
refimgs/parrots.bmp,jp2k/img158.bmp,62.580036080726586
refimgs/monarch.bmp,jp2k/img160.bmp,58.753804200609366
refimgs/statue.bmp,jp2k/img162.bmp,12.158282195710306
refimgs/building2.bmp,jp2k/img163.bmp,49.973083632723416
refimgs/lighthouse2.bmp,jp2k/img164.bmp,27.12291262526799
refimgs/dancers.bmp,jp2k/img165.bmp,31.170624384086207
refimgs/flowersonih35.bmp,jp2k/img167.bmp,53.28198369850484
refimgs/coinsinfountain.bmp,jp2k/img168.bmp,53.17519436960078
refimgs/statue.bmp,jp2k/img169.bmp,62.921171333425676
refimgs/dancers.bmp,jp2k/img170.bmp,50.18659635541299
refimgs/studentsculpture.bmp,jp2k/img171.bmp,22.217464309979974
refimgs/sailing4.bmp,jp2k/img172.bmp,85.01806693016354
refimgs/plane.bmp,jp2k/img173.bmp,19.91475165122249
refimgs/lighthouse.bmp,jp2k/img174.bmp,8.059516033306664
refimgs/stream.bmp,jp2k/img175.bmp,85.48562881018705
refimgs/churchandcapitol.bmp,jp2k/img176.bmp,27.91393339154686
refimgs/coinsinfountain.bmp,jp2k/img177.bmp,79.87842062142371
refimgs/cemetry.bmp,jp2k/img178.bmp,57.3881566885844
refimgs/house.bmp,jp2k/img179.bmp,85.22814758598726
refimgs/carnivaldolls.bmp,jp2k/img181.bmp,85.99580545278485
refimgs/coinsinfountain.bmp,jp2k/img182.bmp,40.35229915118953
refimgs/sailing3.bmp,jp2k/img183.bmp,6.9169396698473875
refimgs/sailing2.bmp,jp2k/img185.bmp,14.884889320853098
refimgs/house.bmp,jp2k/img187.bmp,29.918572366378623
refimgs/womanhat.bmp,jp2k/img191.bmp,78.15701680889988
refimgs/flowersonih35.bmp,jp2k/img192.bmp,36.783046895916954
refimgs/caps.bmp,jp2k/img193.bmp,64.20563602792637
refimgs/churchandcapitol.bmp,jp2k/img194.bmp,71.78425770359317
refimgs/womanhat.bmp,jp2k/img195.bmp,5.069478056203863
refimgs/paintedhouse.bmp,jp2k/img196.bmp,62.73568208890111
refimgs/parrots.bmp,jp2k/img197.bmp,46.32614968909792
refimgs/churchandcapitol.bmp,jp2k/img198.bmp,9.471745688649861
refimgs/buildings.bmp,jp2k/img199.bmp,5.003953255961413
refimgs/manfishing.bmp,jp2k/img200.bmp,68.36853015382121
refimgs/flowersonih35.bmp,jp2k/img201.bmp,91.08313008268817
refimgs/lighthouse.bmp,jp2k/img202.bmp,75.76154338417216
refimgs/plane.bmp,jp2k/img203.bmp,41.031767097846874
refimgs/dancers.bmp,jp2k/img205.bmp,12.300226616537323
refimgs/monarch.bmp,jp2k/img208.bmp,48.46820552061156
refimgs/paintedhouse.bmp,jp2k/img210.bmp,26.665408082124756
refimgs/lighthouse2.bmp,jp2k/img211.bmp,7.205306730310632
refimgs/house.bmp,jp2k/img212.bmp,5.5443651518750485
refimgs/sailing1.bmp,jp2k/img213.bmp,76.06673091499994
refimgs/sailing1.bmp,jp2k/img214.bmp,7.692346791817002
refimgs/paintedhouse.bmp,jp2k/img215.bmp,73.31007213059178
refimgs/building2.bmp,jp2k/img216.bmp,12.116677268629225
refimgs/stream.bmp,jp2k/img217.bmp,10.13926391720382
refimgs/studentsculpture.bmp,jp2k/img218.bmp,67.96320399587412
refimgs/ocean.bmp,jp2k/img219.bmp,72.24909155691115
refimgs/plane.bmp,jp2k/img220.bmp,70.83986290434613
refimgs/sailing4.bmp,jp2k/img221.bmp,64.72585217139644
refimgs/buildings.bmp,jp2k/img222.bmp,31.27751399241848
refimgs/bikes.bmp,jp2k/img225.bmp,82.73289778928405
refimgs/womanhat.bmp,jp2k/img226.bmp,55.520005193382154
refimgs/statue.bmp,jp2k/img227.bmp,70.88031632329827
refimgs/womanhat.bmp,jpeg/img1.bmp,52.92435457391395
refimgs/churchandcapitol.bmp,jpeg/img2.bmp,33.28319804594844
refimgs/churchandcapitol.bmp,jpeg/img4.bmp,87.8267449661924
refimgs/ocean.bmp,jpeg/img8.bmp,14.344775300339105
refimgs/rapids.bmp,jpeg/img9.bmp,59.74032431349464
refimgs/statue.bmp,jpeg/img11.bmp,53.951334760512935
refimgs/statue.bmp,jpeg/img13.bmp,-0.1946068687639695
refimgs/carnivaldolls.bmp,jpeg/img14.bmp,4.326856120694956
refimgs/sailing4.bmp,jpeg/img15.bmp,41.36730112939379
refimgs/stream.bmp,jpeg/img16.bmp,47.80251084716316
refimgs/plane.bmp,jpeg/img17.bmp,4.495168881480339
refimgs/monarch.bmp,jpeg/img18.bmp,47.285871717563985
refimgs/churchandcapitol.bmp,jpeg/img21.bmp,50.1232463479616
refimgs/paintedhouse.bmp,jpeg/img23.bmp,79.95944789006504
refimgs/caps.bmp,jpeg/img24.bmp,12.56494613089226
refimgs/plane.bmp,jpeg/img25.bmp,35.4156346289015
refimgs/flowersonih35.bmp,jpeg/img27.bmp,34.31539467108672
refimgs/bikes.bmp,jpeg/img29.bmp,63.690729469898855
refimgs/ocean.bmp,jpeg/img30.bmp,6.601376948035167
refimgs/parrots.bmp,jpeg/img32.bmp,33.49425871523598
refimgs/manfishing.bmp,jpeg/img33.bmp,42.614722076241115
refimgs/rapids.bmp,jpeg/img35.bmp,75.29290636099799
refimgs/building2.bmp,jpeg/img36.bmp,72.0575019048246
refimgs/sailing4.bmp,jpeg/img37.bmp,64.62638897500841
refimgs/sailing3.bmp,jpeg/img38.bmp,18.02857959226172
refimgs/dancers.bmp,jpeg/img39.bmp,50.40120766199397
refimgs/plane.bmp,jpeg/img40.bmp,12.654106278200903
refimgs/dancers.bmp,jpeg/img41.bmp,59.873965229834056
refimgs/buildings.bmp,jpeg/img43.bmp,41.47905246219578
refimgs/lighthouse.bmp,jpeg/img44.bmp,38.18877059392042
refimgs/studentsculpture.bmp,jpeg/img45.bmp,34.439397588231365
refimgs/cemetry.bmp,jpeg/img46.bmp,72.81442149222269
refimgs/sailing4.bmp,jpeg/img47.bmp,48.528157253793196
refimgs/coinsinfountain.bmp,jpeg/img49.bmp,32.754563027117996
refimgs/house.bmp,jpeg/img50.bmp,57.08857633912254
refimgs/house.bmp,jpeg/img51.bmp,28.944995605272247
refimgs/studentsculpture.bmp,jpeg/img53.bmp,10.226303647528617
refimgs/cemetry.bmp,jpeg/img55.bmp,33.240480634782365
refimgs/paintedhouse.bmp,jpeg/img56.bmp,32.00986641270259
refimgs/lighthouse.bmp,jpeg/img57.bmp,-2.6400150164096132
refimgs/woman.bmp,jpeg/img58.bmp,10.554131539493454
refimgs/studentsculpture.bmp,jpeg/img59.bmp,33.58553766172936
refimgs/building2.bmp,jpeg/img60.bmp,45.8290134752761
refimgs/dancers.bmp,jpeg/img61.bmp,9.1741835265355
refimgs/building2.bmp,jpeg/img62.bmp,67.83771180597611
refimgs/caps.bmp,jpeg/img63.bmp,30.00260877004913
refimgs/lighthouse2.bmp,jpeg/img64.bmp,3.2142639437019938
refimgs/woman.bmp,jpeg/img65.bmp,53.38597873417673
refimgs/sailing2.bmp,jpeg/img67.bmp,21.662276200071243
refimgs/lighthouse2.bmp,jpeg/img69.bmp,48.86921270308122
refimgs/statue.bmp,jpeg/img70.bmp,-0.12771347553550072
refimgs/sailing1.bmp,jpeg/img71.bmp,16.917691044533527
refimgs/parrots.bmp,jpeg/img72.bmp,12.004960528290617
refimgs/coinsinfountain.bmp,jpeg/img73.bmp,36.604170671940494
refimgs/flowersonih35.bmp,jpeg/img74.bmp,5.51411590094478
refimgs/house.bmp,jpeg/img75.bmp,51.3960375162062
refimgs/bikes.bmp,jpeg/img77.bmp,53.2796828380246
refimgs/cemetry.bmp,jpeg/img78.bmp,72.32423365260935
refimgs/flowersonih35.bmp,jpeg/img79.bmp,89.53004585169111
refimgs/carnivaldolls.bmp,jpeg/img80.bmp,67.77811693105684
refimgs/bikes.bmp,jpeg/img81.bmp,43.03955573949191
refimgs/sailing3.bmp,jpeg/img83.bmp,28.507933641096496
refimgs/buildings.bmp,jpeg/img84.bmp,46.146808723433985
refimgs/stream.bmp,jpeg/img85.bmp,64.18240178201884
refimgs/lighthouse.bmp,jpeg/img86.bmp,42.57624280517876
refimgs/womanhat.bmp,jpeg/img89.bmp,36.284648557807834
refimgs/buildings.bmp,jpeg/img90.bmp,42.04320025216914
refimgs/paintedhouse.bmp,jpeg/img91.bmp,78.97568682896502
refimgs/manfishing.bmp,jpeg/img92.bmp,48.37469886200194
refimgs/manfishing.bmp,jpeg/img93.bmp,58.589684139333414
refimgs/monarch.bmp,jpeg/img94.bmp,14.62195076567486
refimgs/monarch.bmp,jpeg/img96.bmp,3.9212125972238567
refimgs/lighthouse2.bmp,jpeg/img97.bmp,5.308643571535107
refimgs/ocean.bmp,jpeg/img98.bmp,19.871604986952033
refimgs/sailing2.bmp,jpeg/img99.bmp,42.27140041690989
refimgs/stream.bmp,jpeg/img100.bmp,81.2026938220347
refimgs/coinsinfountain.bmp,jpeg/img101.bmp,10.252515880885852
refimgs/sailing1.bmp,jpeg/img102.bmp,14.726130517984881
refimgs/parrots.bmp,jpeg/img103.bmp,37.78061796136218
refimgs/carnivaldolls.bmp,jpeg/img104.bmp,67.40278120147042
refimgs/caps.bmp,jpeg/img105.bmp,33.96635629198161
refimgs/sailing1.bmp,jpeg/img106.bmp,3.2197367648266635
refimgs/womanhat.bmp,jpeg/img107.bmp,25.83817914298309
refimgs/sailing3.bmp,jpeg/img108.bmp,53.61612003847755
refimgs/rapids.bmp,jpeg/img110.bmp,40.313192795130504
refimgs/sailing2.bmp,jpeg/img111.bmp,36.936772747192386
refimgs/woman.bmp,jpeg/img116.bmp,8.406881996436613
refimgs/cemetry.bmp,jpeg/img117.bmp,24.492692678265385
refimgs/dancers.bmp,jpeg/img119.bmp,36.46779215661733
refimgs/house.bmp,jpeg/img120.bmp,13.720589197831565
refimgs/sailing1.bmp,jpeg/img121.bmp,46.661554457382735
refimgs/sailing2.bmp,jpeg/img124.bmp,91.8585232966015
refimgs/caps.bmp,jpeg/img126.bmp,91.83072941409385
refimgs/studentsculpture.bmp,jpeg/img127.bmp,90.06909938102645
refimgs/cemetry.bmp,jpeg/img128.bmp,52.32392778595446
refimgs/coinsinfountain.bmp,jpeg/img129.bmp,76.55613665524052
refimgs/statue.bmp,jpeg/img130.bmp,11.018019466557469
refimgs/lighthouse.bmp,jpeg/img131.bmp,89.84228100588449
refimgs/churchandcapitol.bmp,jpeg/img132.bmp,11.71563815997088
refimgs/flowersonih35.bmp,jpeg/img134.bmp,72.35535092106369
refimgs/manfishing.bmp,jpeg/img135.bmp,8.62310279882778
refimgs/stream.bmp,jpeg/img137.bmp,9.808299742983458
refimgs/womanhat.bmp,jpeg/img138.bmp,94.52975239220282
refimgs/lighthouse2.bmp,jpeg/img141.bmp,14.731573993200833
refimgs/ocean.bmp,jpeg/img143.bmp,6.837113454327479
refimgs/sailing2.bmp,jpeg/img144.bmp,8.547930933970449
refimgs/sailing3.bmp,jpeg/img145.bmp,100.24091440063674
refimgs/rapids.bmp,jpeg/img146.bmp,26.185666958535705
refimgs/house.bmp,jpeg/img147.bmp,100.91708991281492
refimgs/manfishing.bmp,jpeg/img148.bmp,92.90511853394918
refimgs/parrots.bmp,jpeg/img149.bmp,63.46863408758387
refimgs/woman.bmp,jpeg/img150.bmp,27.261974430150573
refimgs/house.bmp,jpeg/img151.bmp,8.066866303180433
refimgs/paintedhouse.bmp,jpeg/img152.bmp,55.04442894789427
refimgs/womanhat.bmp,jpeg/img154.bmp,97.50877362944289
refimgs/ocean.bmp,jpeg/img156.bmp,59.64918850292218
refimgs/buildings.bmp,jpeg/img157.bmp,13.703159478546446
refimgs/caps.bmp,jpeg/img159.bmp,91.34350033825854
refimgs/house.bmp,jpeg/img160.bmp,95.5184845722614
refimgs/lighthouse.bmp,jpeg/img161.bmp,90.43420904041339
refimgs/buildings.bmp,jpeg/img162.bmp,88.14234661943546
refimgs/buildings.bmp,jpeg/img163.bmp,28.821989373974375
refimgs/ocean.bmp,jpeg/img164.bmp,108.77257436149551
refimgs/plane.bmp,jpeg/img165.bmp,58.335170619177745
refimgs/sailing4.bmp,jpeg/img166.bmp,95.0385986077363
refimgs/woman.bmp,jpeg/img167.bmp,75.99002346051728
refimgs/womanhat.bmp,jpeg/img168.bmp,11.312092615683753
refimgs/monarch.bmp,jpeg/img170.bmp,83.55329291418636
refimgs/building2.bmp,jpeg/img171.bmp,18.143107738796367
refimgs/manfishing.bmp,jpeg/img174.bmp,19.465821038563057
refimgs/sailing1.bmp,jpeg/img175.bmp,70.50244384897171
refimgs/carnivaldolls.bmp,jpeg/img176.bmp,90.00784725087408
refimgs/sailing2.bmp,jpeg/img177.bmp,89.89062469317183
refimgs/monarch.bmp,jpeg/img178.bmp,25.222785826131556
refimgs/studentsculpture.bmp,jpeg/img180.bmp,91.24663994961543
refimgs/lighthouse2.bmp,jpeg/img181.bmp,78.16782270134613
refimgs/bikes.bmp,jpeg/img183.bmp,84.88609788754106
refimgs/coinsinfountain.bmp,jpeg/img184.bmp,92.52520895124621
refimgs/stream.bmp,jpeg/img185.bmp,26.71821304692204
refimgs/dancers.bmp,jpeg/img186.bmp,89.23441705756257
refimgs/dancers.bmp,jpeg/img187.bmp,91.61747826509418
refimgs/bikes.bmp,jpeg/img188.bmp,83.03358943312271
refimgs/building2.bmp,jpeg/img192.bmp,93.03653291816838
refimgs/ocean.bmp,jpeg/img194.bmp,34.60644513743412
refimgs/churchandcapitol.bmp,jpeg/img195.bmp,97.24677520689923
refimgs/parrots.bmp,jpeg/img196.bmp,91.590670464724
refimgs/sailing4.bmp,jpeg/img197.bmp,94.63456567363843
refimgs/flowersonih35.bmp,jpeg/img198.bmp,16.644122962021108
refimgs/rapids.bmp,jpeg/img199.bmp,95.80804387069
refimgs/studentsculpture.bmp,jpeg/img200.bmp,63.30761338204381
refimgs/plane.bmp,jpeg/img201.bmp,88.92048271630968
refimgs/bikes.bmp,jpeg/img203.bmp,28.5502551905385
refimgs/buildings.bmp,jpeg/img204.bmp,89.6422329700044
refimgs/building2.bmp,jpeg/img205.bmp,88.2209328213845
refimgs/sailing3.bmp,jpeg/img206.bmp,11.739931694595015
refimgs/caps.bmp,jpeg/img207.bmp,70.02463837460913
refimgs/monarch.bmp,jpeg/img209.bmp,88.77366918617133
refimgs/sailing1.bmp,jpeg/img210.bmp,97.42810231821008
refimgs/cemetry.bmp,jpeg/img213.bmp,85.98716482193281
refimgs/sailing4.bmp,jpeg/img214.bmp,14.430548416582262
refimgs/paintedhouse.bmp,jpeg/img215.bmp,102.70082156574153
refimgs/carnivaldolls.bmp,jpeg/img216.bmp,20.934069322543586
refimgs/stream.bmp,jpeg/img217.bmp,101.27286341299555
refimgs/statue.bmp,jpeg/img218.bmp,92.65269870718299
refimgs/woman.bmp,jpeg/img220.bmp,88.66925863108538
refimgs/statue.bmp,jpeg/img221.bmp,93.81353439730438
refimgs/sailing3.bmp,jpeg/img223.bmp,99.9719981674867
refimgs/building2.bmp,jpeg/img225.bmp,32.713131566176116
refimgs/bikes.bmp,jpeg/img226.bmp,17.78062954880489
refimgs/paintedhouse.bmp,jpeg/img228.bmp,15.783100447893545
refimgs/flowersonih35.bmp,jpeg/img229.bmp,73.10480214469187
refimgs/coinsinfountain.bmp,jpeg/img230.bmp,90.8843446287281
refimgs/lighthouse.bmp,jpeg/img231.bmp,13.033490455438155
refimgs/lighthouse2.bmp,jpeg/img232.bmp,93.19974618228805
refimgs/parrots.bmp,jpeg/img233.bmp,87.78082391853036
refimgs/monarch.bmp,wn/img1.bmp,29.04653971785669
refimgs/stream.bmp,wn/img2.bmp,64.7619409950328
refimgs/womanhat.bmp,wn/img3.bmp,44.78193070765691
refimgs/buildings.bmp,wn/img4.bmp,105.36416799729716
refimgs/sailing3.bmp,wn/img5.bmp,18.148429410111873
refimgs/lighthouse2.bmp,wn/img6.bmp,28.91034396173228
refimgs/woman.bmp,wn/img7.bmp,67.62651762533173
refimgs/coinsinfountain.bmp,wn/img8.bmp,15.537140817336706
refimgs/cemetry.bmp,wn/img9.bmp,63.02744749154707
refimgs/plane.bmp,wn/img10.bmp,33.4482460351677
refimgs/womanhat.bmp,wn/img11.bmp,23.03858179465982
refimgs/sailing2.bmp,wn/img12.bmp,46.19136201986183
refimgs/churchandcapitol.bmp,wn/img13.bmp,21.927888248041903
refimgs/carnivaldolls.bmp,wn/img14.bmp,14.775415943838567
refimgs/dancers.bmp,wn/img15.bmp,93.91355403240952
refimgs/studentsculpture.bmp,wn/img16.bmp,40.79594818906652
refimgs/monarch.bmp,wn/img17.bmp,51.406684831170054
refimgs/churchandcapitol.bmp,wn/img18.bmp,35.32176832792063
refimgs/studentsculpture.bmp,wn/img19.bmp,13.494986288484718
refimgs/churchandcapitol.bmp,wn/img20.bmp,111.77469352631448
refimgs/ocean.bmp,wn/img21.bmp,61.681001518022924
refimgs/parrots.bmp,wn/img22.bmp,29.05160906556435
refimgs/cemetry.bmp,wn/img23.bmp,109.62708401221437
refimgs/coinsinfountain.bmp,wn/img24.bmp,94.03481633826047
refimgs/statue.bmp,wn/img25.bmp,49.8342340456356
refimgs/paintedhouse.bmp,wn/img26.bmp,61.62614194844081
refimgs/dancers.bmp,wn/img27.bmp,47.72741274693893
refimgs/womanhat.bmp,wn/img28.bmp,58.41045583984596
refimgs/bikes.bmp,wn/img29.bmp,74.6356854930016
refimgs/dancers.bmp,wn/img30.bmp,33.19702721082979
refimgs/coinsinfountain.bmp,wn/img31.bmp,27.51459903168142
refimgs/lighthouse2.bmp,wn/img32.bmp,60.27965391746516
refimgs/woman.bmp,wn/img33.bmp,102.72368546631967
refimgs/monarch.bmp,wn/img34.bmp,94.4100904010743
refimgs/woman.bmp,wn/img35.bmp,38.087797760154245
refimgs/building2.bmp,wn/img36.bmp,71.21218202942677
refimgs/manfishing.bmp,wn/img37.bmp,28.617188359415515
refimgs/house.bmp,wn/img38.bmp,66.53165048509287
refimgs/paintedhouse.bmp,wn/img39.bmp,71.76021293669349
refimgs/lighthouse.bmp,wn/img40.bmp,48.05993884502848
refimgs/manfishing.bmp,wn/img41.bmp,100.23878414456692
refimgs/ocean.bmp,wn/img42.bmp,107.65033077751622
refimgs/lighthouse.bmp,wn/img43.bmp,20.295948373068647
refimgs/studentsculpture.bmp,wn/img44.bmp,72.84561785296995
refimgs/cemetry.bmp,wn/img45.bmp,26.989633874164532
refimgs/buildings.bmp,wn/img46.bmp,37.341496135801734
refimgs/carnivaldolls.bmp,wn/img47.bmp,104.40801605101547
refimgs/building2.bmp,wn/img48.bmp,34.5029166994517
refimgs/flowersonih35.bmp,wn/img49.bmp,75.24580813267
refimgs/dancers.bmp,wn/img50.bmp,79.43613206888192
refimgs/dancers.bmp,wn/img51.bmp,73.83502971471134
refimgs/sailing1.bmp,wn/img52.bmp,97.51209513726754
refimgs/flowersonih35.bmp,wn/img53.bmp,95.34370094075177
refimgs/house.bmp,wn/img54.bmp,20.5274846951256
refimgs/statue.bmp,wn/img55.bmp,36.475636915268524
refimgs/sailing1.bmp,wn/img56.bmp,35.64458484067259
refimgs/studentsculpture.bmp,wn/img57.bmp,97.69957653577356
refimgs/sailing3.bmp,wn/img58.bmp,106.3698573635383
refimgs/manfishing.bmp,wn/img59.bmp,11.037306278232428
refimgs/womanhat.bmp,wn/img60.bmp,97.65698241414981
refimgs/buildings.bmp,wn/img61.bmp,78.47085391287106
refimgs/churchandcapitol.bmp,wn/img62.bmp,62.92970737500086
refimgs/cemetry.bmp,wn/img63.bmp,41.035510546118466
refimgs/caps.bmp,wn/img64.bmp,18.611094569023102
refimgs/cemetry.bmp,wn/img65.bmp,70.94998870953438
refimgs/lighthouse.bmp,wn/img66.bmp,99.45910509660351
refimgs/parrots.bmp,wn/img67.bmp,47.44842540432511
refimgs/bikes.bmp,wn/img68.bmp,45.829078985831195
refimgs/parrots.bmp,wn/img69.bmp,61.6158088994382
refimgs/house.bmp,wn/img70.bmp,41.31695798429712
refimgs/carnivaldolls.bmp,wn/img71.bmp,63.45931896527788
refimgs/flowersonih35.bmp,wn/img72.bmp,45.00432810746642
refimgs/manfishing.bmp,wn/img73.bmp,69.02754430690878
refimgs/rapids.bmp,wn/img74.bmp,54.62805994606417
refimgs/parrots.bmp,wn/img75.bmp,15.271352054362957
refimgs/sailing1.bmp,wn/img76.bmp,20.007483290527425
refimgs/rapids.bmp,wn/img77.bmp,94.20486814584287
refimgs/plane.bmp,wn/img78.bmp,15.388646901982973
refimgs/sailing1.bmp,wn/img79.bmp,55.06753054284376
refimgs/caps.bmp,wn/img80.bmp,97.2694715798371
refimgs/sailing2.bmp,wn/img81.bmp,21.61052934761817
refimgs/monarch.bmp,wn/img82.bmp,21.195283028480475
refimgs/house.bmp,wn/img83.bmp,71.54037129415151
refimgs/sailing3.bmp,wn/img84.bmp,31.24987494201788
refimgs/statue.bmp,wn/img85.bmp,13.666943331193622
refimgs/sailing4.bmp,wn/img86.bmp,57.39305471032276
refimgs/bikes.bmp,wn/img87.bmp,105.10166413396246
refimgs/stream.bmp,wn/img88.bmp,39.10614097745931
refimgs/sailing3.bmp,wn/img89.bmp,57.538603283146436
refimgs/carnivaldolls.bmp,wn/img90.bmp,39.71346655802711
refimgs/statue.bmp,wn/img91.bmp,67.19437758924813
refimgs/coinsinfountain.bmp,wn/img92.bmp,69.06535116986018
refimgs/churchandcapitol.bmp,wn/img93.bmp,73.54583611585835
refimgs/paintedhouse.bmp,wn/img94.bmp,106.81758994591208
refimgs/bikes.bmp,wn/img95.bmp,23.508406616286706
refimgs/lighthouse.bmp,wn/img96.bmp,69.26005385452565
refimgs/bikes.bmp,wn/img97.bmp,65.70698388517809
refimgs/woman.bmp,wn/img98.bmp,13.266839820800243
refimgs/ocean.bmp,wn/img99.bmp,12.137833909830341
refimgs/sailing4.bmp,wn/img100.bmp,38.595687634018724
refimgs/rapids.bmp,wn/img101.bmp,11.166482886698198
refimgs/building2.bmp,wn/img102.bmp,50.194325232236274
refimgs/buildings.bmp,wn/img103.bmp,22.884871051304934
refimgs/parrots.bmp,wn/img104.bmp,99.6615285081197
refimgs/plane.bmp,wn/img105.bmp,93.86859240789695
refimgs/stream.bmp,wn/img106.bmp,77.63344919424672
refimgs/rapids.bmp,wn/img107.bmp,33.63370982301589
refimgs/lighthouse2.bmp,wn/img108.bmp,55.535575649060156
refimgs/house.bmp,wn/img109.bmp,58.66034224093095
refimgs/caps.bmp,wn/img110.bmp,51.67024428176386
refimgs/paintedhouse.bmp,wn/img111.bmp,43.298016309826934
refimgs/studentsculpture.bmp,wn/img112.bmp,62.69095740904541
refimgs/sailing2.bmp,wn/img113.bmp,97.92469225647716
refimgs/lighthouse.bmp,wn/img114.bmp,35.70795551820673
refimgs/woman.bmp,wn/img115.bmp,57.98572759381551
refimgs/rapids.bmp,wn/img116.bmp,67.4653416344695
refimgs/sailing2.bmp,wn/img117.bmp,28.79734485795999
refimgs/ocean.bmp,wn/img118.bmp,37.944107183148475
refimgs/womanhat.bmp,wn/img119.bmp,65.07828999287852
refimgs/ocean.bmp,wn/img120.bmp,69.44972429947218
refimgs/building2.bmp,wn/img121.bmp,76.0908192258521
refimgs/flowersonih35.bmp,wn/img122.bmp,70.58976221156998
refimgs/sailing3.bmp,wn/img123.bmp,63.30630049280129
refimgs/coinsinfountain.bmp,wn/img124.bmp,61.46371806749249
refimgs/lighthouse2.bmp,wn/img125.bmp,15.998465932281881
refimgs/sailing4.bmp,wn/img126.bmp,63.7033428924913
refimgs/sailing4.bmp,wn/img127.bmp,15.147108587135826
refimgs/sailing2.bmp,wn/img128.bmp,62.99129769303974
refimgs/plane.bmp,wn/img129.bmp,64.69701933079591
refimgs/buildings.bmp,wn/img130.bmp,70.50327694656922
refimgs/stream.bmp,wn/img131.bmp,89.07333452953819
refimgs/caps.bmp,wn/img132.bmp,38.08510135616129
refimgs/flowersonih35.bmp,wn/img133.bmp,13.772809998423078
refimgs/sailing4.bmp,wn/img134.bmp,70.6450297294693
refimgs/carnivaldolls.bmp,wn/img135.bmp,67.63968110982358
refimgs/building2.bmp,wn/img136.bmp,106.17335732260668
refimgs/lighthouse2.bmp,wn/img137.bmp,102.01544839638244
refimgs/stream.bmp,wn/img138.bmp,22.149317346230504
refimgs/plane.bmp,wn/img139.bmp,52.69863155435469
refimgs/monarch.bmp,wn/img140.bmp,65.2062617058754
refimgs/sailing1.bmp,wn/img141.bmp,64.80613405230142
refimgs/paintedhouse.bmp,wn/img142.bmp,23.365932631894772
refimgs/manfishing.bmp,wn/img143.bmp,61.98853406494696
refimgs/caps.bmp,wn/img144.bmp,63.45183048855342
refimgs/statue.bmp,wn/img145.bmp,98.27070283202306
refimgs/caps.bmp,gblur/img1.bmp,42.127765361449555
refimgs/churchandcapitol.bmp,gblur/img2.bmp,37.462720322546936
refimgs/monarch.bmp,gblur/img3.bmp,43.26456018535141
refimgs/lighthouse.bmp,gblur/img4.bmp,19.510097084325167
refimgs/plane.bmp,gblur/img5.bmp,72.82942220542719
refimgs/carnivaldolls.bmp,gblur/img6.bmp,54.79584980310996
refimgs/buildings.bmp,gblur/img7.bmp,28.45923879344707
refimgs/building2.bmp,gblur/img8.bmp,28.180912872308728
refimgs/rapids.bmp,gblur/img9.bmp,23.83506669503422
refimgs/sailing2.bmp,gblur/img10.bmp,89.72374712250675
refimgs/monarch.bmp,gblur/img11.bmp,83.26954044809332
refimgs/parrots.bmp,gblur/img12.bmp,23.747800588472256
refimgs/cemetry.bmp,gblur/img13.bmp,30.514445202895608
refimgs/manfishing.bmp,gblur/img14.bmp,33.317365184485546
refimgs/lighthouse.bmp,gblur/img15.bmp,43.371393473652745
refimgs/manfishing.bmp,gblur/img16.bmp,63.381935483061866
refimgs/rapids.bmp,gblur/img17.bmp,88.25341457573218
refimgs/stream.bmp,gblur/img18.bmp,32.28879443889066
refimgs/coinsinfountain.bmp,gblur/img19.bmp,53.1730822979176
refimgs/studentsculpture.bmp,gblur/img20.bmp,41.4683726766827
refimgs/dancers.bmp,gblur/img21.bmp,39.157564151102406
refimgs/coinsinfountain.bmp,gblur/img22.bmp,47.539839513629076
refimgs/paintedhouse.bmp,gblur/img23.bmp,19.81956588915427
refimgs/lighthouse.bmp,gblur/img24.bmp,93.40865465910048
refimgs/building2.bmp,gblur/img25.bmp,60.85908908030956
refimgs/bikes.bmp,gblur/img26.bmp,43.11752291546036
refimgs/carnivaldolls.bmp,gblur/img27.bmp,32.45533469024021
refimgs/caps.bmp,gblur/img28.bmp,22.96359302071471
refimgs/rapids.bmp,gblur/img29.bmp,29.707112621076355
refimgs/plane.bmp,gblur/img30.bmp,50.78289110295646
refimgs/parrots.bmp,gblur/img31.bmp,52.1680931480972
refimgs/coinsinfountain.bmp,gblur/img32.bmp,20.42170138535499
refimgs/building2.bmp,gblur/img33.bmp,37.06966908699679
refimgs/rapids.bmp,gblur/img34.bmp,46.75861493731215
refimgs/sailing1.bmp,gblur/img35.bmp,29.946921048434994
refimgs/womanhat.bmp,gblur/img36.bmp,49.3887315611896
refimgs/monarch.bmp,gblur/img37.bmp,55.79859697122191
refimgs/studentsculpture.bmp,gblur/img38.bmp,49.57258124925823
refimgs/paintedhouse.bmp,gblur/img39.bmp,35.163418897152994
refimgs/bikes.bmp,gblur/img40.bmp,59.72797575732214
refimgs/dancers.bmp,gblur/img41.bmp,64.24080369440135
refimgs/womanhat.bmp,gblur/img42.bmp,37.61345259412877
refimgs/sailing2.bmp,gblur/img43.bmp,41.36298389729544
refimgs/studentsculpture.bmp,gblur/img44.bmp,26.588236919388123
refimgs/buildings.bmp,gblur/img45.bmp,21.680338672475234
refimgs/sailing1.bmp,gblur/img46.bmp,21.37173574127878
refimgs/manfishing.bmp,gblur/img47.bmp,48.37779845595415
refimgs/sailing2.bmp,gblur/img48.bmp,57.040994158487464
refimgs/house.bmp,gblur/img49.bmp,35.511076424494355
refimgs/stream.bmp,gblur/img50.bmp,46.66501375774308
refimgs/dancers.bmp,gblur/img51.bmp,21.90766424535399
refimgs/carnivaldolls.bmp,gblur/img52.bmp,68.54058128580095
refimgs/lighthouse2.bmp,gblur/img53.bmp,59.567814555450866
refimgs/statue.bmp,gblur/img54.bmp,59.07594073978924
refimgs/lighthouse2.bmp,gblur/img55.bmp,50.30002190258614
refimgs/parrots.bmp,gblur/img56.bmp,37.03663806134327
refimgs/ocean.bmp,gblur/img57.bmp,53.613271673219984
refimgs/stream.bmp,gblur/img58.bmp,72.87394931569021
refimgs/carnivaldolls.bmp,gblur/img59.bmp,43.22494778304786
refimgs/bikes.bmp,gblur/img60.bmp,20.19888494169012
refimgs/womanhat.bmp,gblur/img61.bmp,26.8104249250671
refimgs/buildings.bmp,gblur/img62.bmp,33.289587739887395
refimgs/plane.bmp,gblur/img63.bmp,18.638782031279458
refimgs/woman.bmp,gblur/img64.bmp,38.730110284620814
refimgs/flowersonih35.bmp,gblur/img65.bmp,41.54577164748736
refimgs/churchandcapitol.bmp,gblur/img66.bmp,58.91249145488299
refimgs/manfishing.bmp,gblur/img67.bmp,22.83897810739422
refimgs/woman.bmp,gblur/img68.bmp,64.7162926008737
refimgs/parrots.bmp,gblur/img69.bmp,79.75902400389953
refimgs/caps.bmp,gblur/img70.bmp,75.36497201033434
refimgs/stream.bmp,gblur/img71.bmp,20.381731958065036
refimgs/sailing2.bmp,gblur/img72.bmp,47.86237098807869
refimgs/buildings.bmp,gblur/img73.bmp,60.10697150963521
refimgs/sailing1.bmp,gblur/img74.bmp,40.94953032442054
refimgs/lighthouse2.bmp,gblur/img75.bmp,42.418404613662226
refimgs/sailing4.bmp,gblur/img76.bmp,40.31616322660909
refimgs/statue.bmp,gblur/img77.bmp,40.77253768425125
refimgs/manfishing.bmp,gblur/img78.bmp,67.58397974933878
refimgs/sailing3.bmp,gblur/img79.bmp,38.207970020009036
refimgs/building2.bmp,gblur/img80.bmp,42.393658246536816
refimgs/paintedhouse.bmp,gblur/img81.bmp,46.51061125048729
refimgs/womanhat.bmp,gblur/img82.bmp,21.322050993497648
refimgs/cemetry.bmp,gblur/img83.bmp,64.73522264796105
refimgs/sailing2.bmp,gblur/img84.bmp,26.21419093598192
refimgs/flowersonih35.bmp,gblur/img85.bmp,56.267384043975134
refimgs/plane.bmp,gblur/img86.bmp,37.337748831262275
refimgs/flowersonih35.bmp,gblur/img87.bmp,38.07307012751651
refimgs/caps.bmp,gblur/img88.bmp,65.58275601959907
refimgs/sailing4.bmp,gblur/img89.bmp,30.699919723279706
refimgs/flowersonih35.bmp,gblur/img90.bmp,20.69642513725109
refimgs/churchandcapitol.bmp,gblur/img91.bmp,48.86374565914097
refimgs/ocean.bmp,gblur/img92.bmp,22.85851059949997
refimgs/dancers.bmp,gblur/img93.bmp,45.65407108816057
refimgs/house.bmp,gblur/img94.bmp,24.30864453533312
refimgs/carnivaldolls.bmp,gblur/img95.bmp,17.156424264142174
refimgs/monarch.bmp,gblur/img96.bmp,21.419440237228148
refimgs/lighthouse.bmp,gblur/img97.bmp,52.89921636764908
refimgs/statue.bmp,gblur/img98.bmp,26.93797934114651
refimgs/woman.bmp,gblur/img99.bmp,59.43768243275185
refimgs/studentsculpture.bmp,gblur/img100.bmp,55.99099722787511
refimgs/coinsinfountain.bmp,gblur/img101.bmp,26.079483169620147
refimgs/lighthouse.bmp,gblur/img102.bmp,33.02457411335329
refimgs/monarch.bmp,gblur/img103.bmp,41.62202095479563
refimgs/churchandcapitol.bmp,gblur/img104.bmp,90.83144264010389
refimgs/parrots.bmp,gblur/img105.bmp,69.29558963921917
refimgs/ocean.bmp,gblur/img106.bmp,27.43814252019736
refimgs/flowersonih35.bmp,gblur/img107.bmp,73.06324854706611
refimgs/studentsculpture.bmp,gblur/img108.bmp,20.98121105422193
refimgs/cemetry.bmp,gblur/img109.bmp,43.64868973704411
refimgs/paintedhouse.bmp,gblur/img110.bmp,43.59300169983794
refimgs/sailing3.bmp,gblur/img111.bmp,25.46083862616192
refimgs/bikes.bmp,gblur/img112.bmp,29.841330546597327
refimgs/house.bmp,gblur/img113.bmp,45.10971717685527
refimgs/sailing3.bmp,gblur/img114.bmp,52.283257841139225
refimgs/caps.bmp,gblur/img115.bmp,57.78121193545228
refimgs/paintedhouse.bmp,gblur/img116.bmp,86.27444720136725
refimgs/ocean.bmp,gblur/img117.bmp,84.55564220108053
refimgs/lighthouse2.bmp,gblur/img118.bmp,70.26112633028697
refimgs/ocean.bmp,gblur/img119.bmp,40.38463431058608
refimgs/statue.bmp,gblur/img120.bmp,71.84453613923937
refimgs/sailing4.bmp,gblur/img121.bmp,74.66704277991492
refimgs/house.bmp,gblur/img122.bmp,38.009055999426565
refimgs/coinsinfountain.bmp,gblur/img123.bmp,61.346819585982885
refimgs/sailing3.bmp,gblur/img124.bmp,64.71710859945146
refimgs/sailing1.bmp,gblur/img125.bmp,68.01663301489151
refimgs/stream.bmp,gblur/img126.bmp,36.50002223269209
refimgs/sailing4.bmp,gblur/img127.bmp,53.305640851612196
refimgs/dancers.bmp,gblur/img128.bmp,58.02915765036237
refimgs/bikes.bmp,gblur/img129.bmp,29.31846908583694
refimgs/sailing1.bmp,gblur/img130.bmp,49.54061655633064
refimgs/statue.bmp,gblur/img131.bmp,55.584211099300234
refimgs/womanhat.bmp,gblur/img132.bmp,64.12525460567022
refimgs/lighthouse2.bmp,gblur/img133.bmp,24.91286361762859
refimgs/buildings.bmp,gblur/img134.bmp,48.95564454107609
refimgs/cemetry.bmp,gblur/img135.bmp,47.96322103017178
refimgs/sailing4.bmp,gblur/img136.bmp,30.4216928832291
refimgs/building2.bmp,gblur/img137.bmp,17.750595646159454
refimgs/house.bmp,gblur/img138.bmp,73.01791251884717
refimgs/plane.bmp,gblur/img139.bmp,64.55945570551016
refimgs/woman.bmp,gblur/img140.bmp,39.758967595843245
refimgs/rapids.bmp,gblur/img141.bmp,56.67448459201258
refimgs/churchandcapitol.bmp,gblur/img142.bmp,30.519428175117486
refimgs/cemetry.bmp,gblur/img143.bmp,33.84223042572021
refimgs/sailing3.bmp,gblur/img144.bmp,72.07038503902243
refimgs/woman.bmp,gblur/img145.bmp,22.31027731867567
refimgs/coinsinfountain.bmp,fastfading/img1.bmp,75.69834484894027
refimgs/coinsinfountain.bmp,fastfading/img2.bmp,72.38923371278747
refimgs/coinsinfountain.bmp,fastfading/img3.bmp,70.14186312814755
refimgs/coinsinfountain.bmp,fastfading/img4.bmp,21.236876374403256
refimgs/coinsinfountain.bmp,fastfading/img5.bmp,13.035300360483568
refimgs/ocean.bmp,fastfading/img6.bmp,61.91884706998839
refimgs/ocean.bmp,fastfading/img7.bmp,51.55241265731182
refimgs/ocean.bmp,fastfading/img8.bmp,83.14840637381712
refimgs/ocean.bmp,fastfading/img9.bmp,63.12396333336599
refimgs/ocean.bmp,fastfading/img10.bmp,5.932762842632151
refimgs/statue.bmp,fastfading/img11.bmp,72.19553583563231
refimgs/statue.bmp,fastfading/img12.bmp,46.15722197754742
refimgs/statue.bmp,fastfading/img13.bmp,10.62005747868401
refimgs/statue.bmp,fastfading/img14.bmp,19.717544269834338
refimgs/statue.bmp,fastfading/img15.bmp,10.833354821743228
refimgs/dancers.bmp,fastfading/img16.bmp,65.82497819643346
refimgs/dancers.bmp,fastfading/img17.bmp,54.373331274324045
refimgs/dancers.bmp,fastfading/img18.bmp,81.0179705378508
refimgs/dancers.bmp,fastfading/img19.bmp,41.92217758138109
refimgs/dancers.bmp,fastfading/img20.bmp,22.00058839495432
refimgs/paintedhouse.bmp,fastfading/img21.bmp,78.39976353763907
refimgs/paintedhouse.bmp,fastfading/img22.bmp,62.589208895964546
refimgs/paintedhouse.bmp,fastfading/img23.bmp,47.03150565208161
refimgs/paintedhouse.bmp,fastfading/img24.bmp,54.39350290165264
refimgs/paintedhouse.bmp,fastfading/img25.bmp,13.64960869971246
refimgs/stream.bmp,fastfading/img26.bmp,67.11403306513637
refimgs/stream.bmp,fastfading/img27.bmp,10.904306643436378
refimgs/stream.bmp,fastfading/img28.bmp,15.804461414590346
refimgs/stream.bmp,fastfading/img29.bmp,16.145172839516636
refimgs/stream.bmp,fastfading/img30.bmp,7.247282319675264
refimgs/bikes.bmp,fastfading/img31.bmp,99.58651348686959
refimgs/bikes.bmp,fastfading/img32.bmp,52.327717808871576
refimgs/bikes.bmp,fastfading/img33.bmp,33.16214637834979
refimgs/bikes.bmp,fastfading/img34.bmp,10.492456034882686
refimgs/bikes.bmp,fastfading/img35.bmp,48.840839515922575
refimgs/flowersonih35.bmp,fastfading/img36.bmp,54.76502889570662
refimgs/flowersonih35.bmp,fastfading/img37.bmp,95.77409374141652
refimgs/flowersonih35.bmp,fastfading/img38.bmp,30.78023533858247
refimgs/flowersonih35.bmp,fastfading/img39.bmp,34.07425249043993
refimgs/flowersonih35.bmp,fastfading/img40.bmp,16.429121525519584
refimgs/parrots.bmp,fastfading/img41.bmp,47.90779725297225
refimgs/parrots.bmp,fastfading/img42.bmp,58.41939049817109
refimgs/parrots.bmp,fastfading/img43.bmp,7.234500306160264
refimgs/parrots.bmp,fastfading/img44.bmp,20.695027475202703
refimgs/parrots.bmp,fastfading/img45.bmp,3.3916336118871087
refimgs/studentsculpture.bmp,fastfading/img46.bmp,84.35398937606175
refimgs/studentsculpture.bmp,fastfading/img47.bmp,99.04090626921534
refimgs/studentsculpture.bmp,fastfading/img48.bmp,57.11706071800262
refimgs/studentsculpture.bmp,fastfading/img49.bmp,13.315534024440112
refimgs/studentsculpture.bmp,fastfading/img50.bmp,14.480616750326682
refimgs/building2.bmp,fastfading/img51.bmp,84.84405450844739
refimgs/building2.bmp,fastfading/img52.bmp,102.67047076529366
refimgs/building2.bmp,fastfading/img53.bmp,49.21986908481058
refimgs/building2.bmp,fastfading/img54.bmp,11.099089191674402
refimgs/building2.bmp,fastfading/img55.bmp,16.0834094198751
refimgs/plane.bmp,fastfading/img56.bmp,49.8049500050861
refimgs/plane.bmp,fastfading/img57.bmp,76.03556974499287
refimgs/plane.bmp,fastfading/img58.bmp,95.95778317943885
refimgs/plane.bmp,fastfading/img59.bmp,9.426468350910561
refimgs/plane.bmp,fastfading/img60.bmp,14.523194856047589
refimgs/woman.bmp,fastfading/img61.bmp,75.73546444515758
refimgs/woman.bmp,fastfading/img62.bmp,73.80284324741564
refimgs/woman.bmp,fastfading/img63.bmp,20.510661566218758
refimgs/woman.bmp,fastfading/img64.bmp,10.139030733080304
refimgs/woman.bmp,fastfading/img65.bmp,87.9097236928659
refimgs/buildings.bmp,fastfading/img66.bmp,59.220408784962586
refimgs/buildings.bmp,fastfading/img67.bmp,73.46184832990365
refimgs/buildings.bmp,fastfading/img68.bmp,69.5058791325869
refimgs/buildings.bmp,fastfading/img69.bmp,89.79611578262839
refimgs/buildings.bmp,fastfading/img70.bmp,8.049363347373571
refimgs/house.bmp,fastfading/img71.bmp,97.87628555010909
refimgs/house.bmp,fastfading/img72.bmp,22.841368890743222
refimgs/house.bmp,fastfading/img73.bmp,36.83680677608689
refimgs/house.bmp,fastfading/img74.bmp,11.021255348207085
refimgs/house.bmp,fastfading/img75.bmp,10.886885674413485
refimgs/rapids.bmp,fastfading/img76.bmp,97.93005426044192
refimgs/rapids.bmp,fastfading/img77.bmp,46.61397691273123
refimgs/rapids.bmp,fastfading/img78.bmp,45.771721280740564
refimgs/rapids.bmp,fastfading/img79.bmp,57.0121131162158
refimgs/rapids.bmp,fastfading/img80.bmp,6.827347477667608
refimgs/womanhat.bmp,fastfading/img81.bmp,48.85321204142524
refimgs/womanhat.bmp,fastfading/img82.bmp,41.631702200296125
refimgs/womanhat.bmp,fastfading/img83.bmp,24.486863891147017
refimgs/womanhat.bmp,fastfading/img84.bmp,19.021435287056377
refimgs/womanhat.bmp,fastfading/img85.bmp,54.56990823000827
refimgs/caps.bmp,fastfading/img86.bmp,90.82715103470838
refimgs/caps.bmp,fastfading/img87.bmp,75.44972331293029
refimgs/caps.bmp,fastfading/img88.bmp,59.172591067376246
refimgs/caps.bmp,fastfading/img89.bmp,31.05987190620283
refimgs/caps.bmp,fastfading/img90.bmp,45.10596694497139
refimgs/lighthouse.bmp,fastfading/img91.bmp,55.63083463174906
refimgs/lighthouse.bmp,fastfading/img92.bmp,81.44321011813874
refimgs/lighthouse.bmp,fastfading/img93.bmp,38.38644793948208
refimgs/lighthouse.bmp,fastfading/img94.bmp,46.66136696626988
refimgs/lighthouse.bmp,fastfading/img95.bmp,58.4995162932027
refimgs/sailing1.bmp,fastfading/img96.bmp,96.01007026787254
refimgs/sailing1.bmp,fastfading/img97.bmp,71.3583186945212
refimgs/sailing1.bmp,fastfading/img98.bmp,20.898734424376453
refimgs/sailing1.bmp,fastfading/img99.bmp,60.48403996902601
refimgs/sailing1.bmp,fastfading/img100.bmp,64.71622731164517
refimgs/carnivaldolls.bmp,fastfading/img101.bmp,60.849733945404864
refimgs/carnivaldolls.bmp,fastfading/img102.bmp,37.96393061413332
refimgs/carnivaldolls.bmp,fastfading/img103.bmp,67.64800840348245
refimgs/carnivaldolls.bmp,fastfading/img104.bmp,9.516793517983984
refimgs/carnivaldolls.bmp,fastfading/img105.bmp,12.867990241491285
refimgs/lighthouse2.bmp,fastfading/img106.bmp,64.70246714917701
refimgs/lighthouse2.bmp,fastfading/img107.bmp,57.32734095341542
refimgs/lighthouse2.bmp,fastfading/img108.bmp,55.59412076716161
refimgs/lighthouse2.bmp,fastfading/img109.bmp,30.886193546551326
refimgs/lighthouse2.bmp,fastfading/img110.bmp,9.347556490035203
refimgs/sailing2.bmp,fastfading/img111.bmp,54.35298311169535
refimgs/sailing2.bmp,fastfading/img112.bmp,70.07786306570196
refimgs/sailing2.bmp,fastfading/img113.bmp,54.5241692380685
refimgs/sailing2.bmp,fastfading/img114.bmp,33.72183274128713
refimgs/sailing2.bmp,fastfading/img115.bmp,29.190695911377848
refimgs/cemetry.bmp,fastfading/img116.bmp,101.10825291523571
refimgs/cemetry.bmp,fastfading/img117.bmp,78.21645963703683
refimgs/cemetry.bmp,fastfading/img118.bmp,60.8486362170736
refimgs/cemetry.bmp,fastfading/img119.bmp,8.316406055870281
refimgs/cemetry.bmp,fastfading/img120.bmp,86.77278366007693
refimgs/manfishing.bmp,fastfading/img121.bmp,60.250015561555244
refimgs/manfishing.bmp,fastfading/img122.bmp,68.1452285836704
refimgs/manfishing.bmp,fastfading/img123.bmp,41.420846502466745
refimgs/manfishing.bmp,fastfading/img124.bmp,15.137590014892428
refimgs/manfishing.bmp,fastfading/img125.bmp,7.880271887900541
refimgs/sailing3.bmp,fastfading/img126.bmp,72.89473698628494
refimgs/sailing3.bmp,fastfading/img127.bmp,21.24627124932043
refimgs/sailing3.bmp,fastfading/img128.bmp,21.11139930138125
refimgs/sailing3.bmp,fastfading/img129.bmp,8.934551287688677
refimgs/sailing3.bmp,fastfading/img130.bmp,9.347234220443333
refimgs/churchandcapitol.bmp,fastfading/img131.bmp,104.70492246757584
refimgs/churchandcapitol.bmp,fastfading/img132.bmp,101.3192233316755
refimgs/churchandcapitol.bmp,fastfading/img133.bmp,15.0356065260457
refimgs/churchandcapitol.bmp,fastfading/img134.bmp,17.1034743529604
refimgs/churchandcapitol.bmp,fastfading/img135.bmp,38.976724838748005
refimgs/monarch.bmp,fastfading/img136.bmp,65.49515916274478
refimgs/monarch.bmp,fastfading/img137.bmp,48.792583586716695
refimgs/monarch.bmp,fastfading/img138.bmp,27.265533499406082
refimgs/monarch.bmp,fastfading/img139.bmp,7.027264242310558
refimgs/monarch.bmp,fastfading/img140.bmp,9.283473183604272
refimgs/sailing4.bmp,fastfading/img141.bmp,71.64224760757007
refimgs/sailing4.bmp,fastfading/img142.bmp,53.05297800439078
refimgs/sailing4.bmp,fastfading/img143.bmp,35.23314372392792
refimgs/sailing4.bmp,fastfading/img144.bmp,56.34115606262271
refimgs/sailing4.bmp,fastfading/img145.bmp,34.05021940048932
